﻿<?xml version="1.0" encoding="utf-8"?>
<DashboardPatientSettings xmlns:xsd="http://www.w3.org/2001/XMLSchema" xmlns:xsi="http://www.w3.org/2001/XMLSchema-instance">
	<UserId>user1a@nxstage.com</UserId>
	<UserPassword>B@home4Tx</UserPassword>
	<CenterId>5501</CenterId>
	<PatientId>55015</PatientId>
	<UpdateSettings>
		<string>AccessType:Graft</string>
		<string>AutoLogoutTimeout:30</string>
		<string>CartridgeType:CAR 125-B</string>
		<string>MRN:C_12199</string>
		<string>CenterPhoneNumber:</string>
		<string>CyclerTxValueInterval:15</string>
		<string>DialysateLactate:40</string>
		<string>DialysatePotassium:2K</string>
		<string>DialysateSakType:SAK-303</string>
		<string>DialysateSource:PureFlow SL</string>
		<string>DialysateVolume:35.0</string>
		<string>DisplayCenterPhoneNumber:No</string>
		<string>DisplayTechSupportPhoneNumber:No</string>
		<string>DryWeight:150.5</string>
		<string>FlowFraction:200</string>
		<string>HeparinDose:500</string>
		<string>HeparinRoute:Access</string>
		<string>InitialBloodFlowRate:300</string>
		<string>MaxDiastolicPressure:120</string>
		<string>MaxSystolicPressure:130</string>
		<string>MaxTemperature:102.0</string>
		<string>MinDiastolicPressure:90</string>
		<string>MinSystolicPressure:90</string>
		<string>NeedleGauge:17</string>
		<string>PatientCanEditDryWeight:Yes</string>
		<string>PatientVitalsPromptInterval:30</string>
		<string>PostTxAssessmentType:Full</string>
		<string>PreTxAssessmentType:Full</string>
		<string>RemoteViewing:No</string>
		<string>ShowMedicationsAdministeredEntry:No</string>
		<string>ShowYellowInfoCaution:Yes</string>
		<string>TargetBloodFlowRate:300</string>
		<string>AverageDialysateRate:9.1</string>
		<string>AverageUltraFiltrationRate:1.41</string>
		<string>TechSupportPhoneNumber:</string>
		<string>TemperatureUnits:Fahrenheit</string>
		<string>TreatmentsPerWeek:4.5</string>
	</UpdateSettings>
	<ExpectedResult>True</ExpectedResult>
</DashboardPatientSettings>
<!--
Task Name: DashboardPatientSettingsTask
Task Purpose: Tests the Dashboard Get and Update Patient Settings functionality with valid and invalid input
Task Iterations: 1
Property:
	Name: PatientId
	Intended Use: The value used for the CenterPatientId in the processing of Patient Settings. Default is the empty string.
	Possible Values:  A valid Patient ID string
Property:
	Name: UpdateSettings
	Intended Use: The List of Patient Settings to be updated in
		the format: SettingName:SettingValue. Default is the empty list,
		meaning get settings and Edit Lock State but no updates to apply.
	Possible Values: Zero or more of the following (case insensitive):
		AccessType:Delete_or_one_of_the_following_values[BH Fistula|Fistula|Graft|Catheter]
		AutoLogoutTimeout:Delete_or_one_of_the_following_values[5|10|15|20|25|30|35|40|45|50|55|60|65|70|75|80|85|90|95|100|105|110|115|120]
		CartridgeType:Delete_or_one_of_the_following_values[Generic|CAR-124-C|CAR 125-B|CAR-170-B|CAR-170-C|CAR-171-B|CAR-172-C|CAR-500|CAR-501|CAR-502|CAR-505|CAR-510|CAR-525]
		CenterPatientId:Delete_or_enter_a_valid_value_up_to_15_characters_max
		CenterPhoneNumber:Delete_or_enter_a_valid_value_up_to_32_characters_max
		CyclerTxValueInterval:Delete_or_one_of_the_following_values[None|15|30|45|60|75|90|105|120]
		DialysateLactate:Delete_or_one_of_the_following_values[35|40|45]
		DialysatePotassium:Delete_or_one_of_the_following_values[1K|2K]
		DialysateSakType:Delete_or_one_of_the_following_values[None|SAK-301|SAK-302|SAK-303|SAK-304|SAK-305|SAK-401|SAK-402|SAK-403|SAK-404|SAK-405|SAK-406|SAK-407]
		DialysateSource:Delete_or_one_of_the_following_values[Bags|PureFlow SL]
		DialysateVolume:Delete_or_select_a_value_in_the_range_[0..60]_by_0.1
		DisplayCenterPhoneNumber:Delete_or_one_of_the_following_values[Yes|No]
		DisplayTechSupportPhoneNumber:Delete_or_one_of_the_following_values[Yes|No]
		DryWeight:Delete_or_select_a_value_in_the_range_[0..300]_by_0.1
		FlowFraction:Delete_or_select_a_value_in_the_range_[0..480]_by_1
		HeparinDose:Delete_or_select_a_value_in_the_range_[0..10000]_by_500
		HeparinRoute:Delete_or_one_of_the_following_values[None|Cartridge|Access|Sub Q]
		InitialBloodFlowRate:Delete_or_select_a_value_in_the_range_[50..600]_by_10
		MaxDiastolicPressure:Delete_or_select_a_value_in_the_range_[0..200]_by_1
		MaxSystolicPressure:Delete_or_select_a_value_in_the_range_[0..200]_by_1
		MaxTemperature:Delete_or_select_a_value_in_the_range_[92..106]_or_[33.3..41.1]_by_0.1
		MinDiastolicPressure:Delete_or_select_a_value_in_the_range_[0..200]_by_1
		MinSystolicPressure:Delete_or_select_a_value_in_the_range_[0..200]_by_1
		NeedleGauge:Delete_or_one_of_the_following_values[None|14|15|16|17]
		PatientCanEditDryWeight:Delete_or_one_of_the_following_values[Yes|No]
		PatientVitalsPromptInterval:Delete_or_one_of_the_following_values[None|15|30|45|60|75|90|105|120]
		PostTxAssessmentType:Delete_or_one_of_the_following_values[None|Access|Full]
		PreTxAssessmentType:Delete_or_one_of_the_following_values[None|Access|Full]
		ShowMedicationsAdministeredEntry:Delete_or_one_of_the_following_values[Yes|No]
		ShowYellowInfoCaution:Delete_or_one_of_the_following_values[Yes|No]
		TargetBloodFlowRate:Delete_or_select_a_value_in_the_range_[50..600]_by_10
		AverageDialysateRate:Delete_or_select_a_value_in_the_range_[0..12]_by_0.1
		AverageUltraFiltrationRate:Delete_or_select_a_value_in_the_range_[0..2.4]_by_0.01
		TechSupportPhoneNumber:Delete_or_enter_a_valid_value
		TemperatureUnits:Delete_or_one_of_the_following_values[Fahrenheit|Celsius]
		TreatmentsPerWeek:Delete_or_select_a_value_in_the_range_[0..7]_by_0.5
		Note: if 'Value' is missing, it means skip or do not update this setting.
Property:
	Name: ExpectedResult
	Intended Use: A value of False means the result update should fail. A value of True means the update should succeed.
	Possible Values: True or False.
Property:
	Name: UserId
	Intended Use: The user name used to establish the session.
	Possible Values: Any valid user name
Property:
	Name: UserPassword
	Intended Use: The user password used to establish the session.
	Possible Values: Any valid user password, in plain text.
Property:
	Name: CenterId
	Intended Use: The center name used to establish the session.
	Possible Values: Any valid center name.

-->
