﻿<?xml version="1.0" encoding="utf-8"?>
<DbDelete xmlns:xsd="http://www.w3.org/2001/XMLSchema" xmlns:xsi="http://www.w3.org/2001/XMLSchema-instance">
	<UserId>NxAdmin@nxstage.com</UserId>
	<UserPassword>Nx5tag3!</UserPassword>
	<CenterId>NxStage</CenterId>
	<DeleteCenterId>5501</DeleteCenterId>
	<DeletePatientId></DeletePatientId>
	<DeleteUserId></DeleteUserId>
	<DeletePatients>True</DeletePatients>
	<DeleteFlowsheets>True</DeleteFlowsheets>
	<DeletePatientMessages>True</DeletePatientMessages>
	<DeletePatientPDUA>True</DeletePatientPDUA>
	<DeleteFlowsheetsBetweenDates></DeleteFlowsheetsBetweenDates>
	<DeleteUsers>True</DeleteUsers>
	<DeleteCenter>False</DeleteCenter>
	<ForcePatientResync>True</ForcePatientResync>
</DbDelete>
<!--
Task Name: DbDeleteTask
Task Purpose: DB Delete: Deletes Users, Flowsheets, Messages, Patients and possibly the entire Center
Task Iterations: 1
Property:
	Name: DeleteCenterId
	Intended Use: The mandatory Center ID for all Delete operations. Default is the empty string.
	Possible Values: A valid Center ID string, but *cannot* be the NxStage center.
Property:
	Name: DeletePatientId
	Intended Use: The optional value used for the DeletePatients processing. Default is the empty string, meaning delete all patients in the center.
	Possible Values: The empty string or a valid Patient ID string
Property:
	Name: DeleteUserId
	Intended Use: The optional value used for the DeleteUsers processing. Default is the empty string, meaning delete all Users in the center.
	Possible Values:  A valid User ID string
Property:
	Name: DeletePatients
	Intended Use: Flag to delete the DB Patient, associated Flowsheets (to include Skipped Flowsheets), TDX Data, Patient Settings, Patient Alert Settings and clear the patient from internal cache. If set to true, implicitly sets DeleteFlowsheets to true and DeleteFlowsheetsBetweenDates to the empty string. Default is False.
	Possible Values: Possible Data Values: True or False
Property:
	Name: DeleteFlowsheets
	Intended Use: Flag to delete all the DB Flowsheets and TDX Tracking Data for the Center / Patient combination. Applies only if DeleteCenter is false and DeletePatients is false. Default is False.
	Possible Values: Possible Data Values: True or False
Property:
	Name: DeletePatientMessages
	Intended Use: Flag to delete all the DB Subjects and Messages for the Center / Patient combination. Applies only if DeleteCenter is false and DeletePatients is false. Default is False.
	Possible Values: Possible Data Values: True or False
Property:
	Name: DeletePatientPDUA
	Intended Use: Flag to delete the Patient Data Usage flag for the Center / Patient combination. Applies only if DeleteCenter is false and DeletePatients is false. Default is False.
	Possible Values: Possible Data Values: True or False
Property:
	Name: DeleteFlowsheetsBetweenDates
	Intended Use: The optional date range used for refining the Flowsheets actually deleted to the Flowsheets with a Tx Date between the given dates, inclusive. Applies only if DeleteFlowsheets is true and DeleteCenter is false and DeletePatients is false.
	Possible Values: Valid Date Range in the format: MM/dd/yyyy - MM/dd/yyyy. Note the well-known Date Test Execution Variables: ${NowUtc} may be used for one or both dates but only the MM/dd/yyyy is evaluated. The default is the empty string.
Property:
	Name: DeleteUsers
	Intended Use: Flag to delete the given Center User or all the DB Users for the Center. Default is False.
	Possible Values: Possible Data Values: True or False
Property:
	Name: DeleteCenter
	Intended Use: Flag to delete all the DB Center related data and the Center itself. Default is False. Explicitly implies DeleteFlowsheets, DeletePatient, and DeleteUsers are all set to true and CenterPatientId and DeleteUserId are set to null.
	Possible Values: Possible Data Values: True or False
Property:
	Name: ForcePatientResync
	Intended Use: The optional flag to force a Synchronization of the Center Patients after deleting patients. Applies only if DeletePatients is true and DeleteCenter is false. Defaults to false.
	Possible Values: The empty string or True or False.
Property:
	Name: UserId
	Intended Use: The user name used to establish the session.
	Possible Values: Any valid user name
Property:
	Name: UserPassword
	Intended Use: The user password used to establish the session.
	Possible Values: Any valid user password, in plain text.
Property:
	Name: CenterId
	Intended Use: The center name used to establish the session.
	Possible Values: Any valid center name.

-->
