﻿<?xml version="1.0" encoding="utf-8"?>
<HomeViewPatientSettings xmlns:xsd="http://www.w3.org/2001/XMLSchema" xmlns:xsi="http://www.w3.org/2001/XMLSchema-instance">
	<CenterId>5501</CenterId>
	<PatientId>55015</PatientId>
	<PatientPin>1042</PatientPin>
	<PatientDOB>2/29/1948</PatientDOB>
	<Messages>GetSettingsWithPatientAck</Messages>
	<RequesterId>00000000-0000-0000-0000-000000000000</RequesterId>
	<MessageId>00000000-0000-0000-0000-000000000000</MessageId>
	<DataVersion>6</DataVersion>
	<AuthorizedUser></AuthorizedUser>
	<AuthorizedUserPassword></AuthorizedUserPassword>
	<InduceBadDataIntegrityCheck>False</InduceBadDataIntegrityCheck>
	<ExpectedResult>True</ExpectedResult>
	<ProfileRouterName>Zoom</ProfileRouterName>
	<AllowDataUsage>True</AllowDataUsage>
</HomeViewPatientSettings>
<!--
Task Name: PdmpPatientSettingsTask
Task Purpose: Encapsulate the necessary data for emulating Nx2me App Patient Data Message Protocol (PDMP) messages for registering a patient, retrieving the Patient Settings and acknowledging receipt
Task Iterations: 1
Property:
	Name: CenterId
	Intended Use: The optional center name used in non-registration messages.
	Possible Values: The empty string or any valid center name.
Property:
	Name: PatientId
	Intended Use: The Patient ID used to registration.
	Possible Values: Any valid Patient ID
Property:
	Name: PatientPin
	Intended Use: The optional Patient PIN used in registration.
	Possible Values: The empty string or any valid Patient Registration PIN.
Property:
	Name: PatientDOB
	Intended Use: The Patient Date of Birth used in registration only.
	Possible Values: The empty string (if not Registering) or a valid date in the format: MM/dd/yyyy.
Property:
	Name: Messages
	Intended Use: The desired Nx2me App Patient Data Message Protocol messages to send. Default is GetSettingsWithPatientAck.
	Possible Values: One of the following values:
		Register - send a Register Patient message only
		GetSettings - send a Register Patient message, if required, followed by a Get Settings message
		ReceiptAck - send a Patient Settings Receipt Acknowledgment request
		PatientAck - send a Patient Acknowledgment message
		GetSettingsWithReceiptAck - send a Register Patient message, if required, followed by a Get Settings message and then a Patient Settings Receipt Acknowledgment message
		GetSettingsWithPatientAck - send a Register Patient message, if required, followed by a Get Settings message, then a Patient Settings Receipt Acknowledgment message and then a Patient Settings Patient Acknowledgment message
		GetFileUrl - send a Register Patient message, if required, followed by a Get File URL message
		PatientDataUsageAllowed - send a Register Patient message, if required, followed by a Patient Data Usage Allowed message

Property:
	Name: RequesterId
	Intended Use: The Requester ID returned from a previous Patient Registration message.
	Defaults to the Empty Guid meaning a Patient Registration request message is always sent.
	Ignored if the Messages value is set to Register.
	Possible Values: Empty, Empty Guid, a valid Guid or ${ActiveRequesterId}. 
Property:
	Name: MessageId
	Intended Use: The Message ID returned from a previous Get Settings message.
	Defaults to the Empty Guid meaning no acknowledgment required or possible.
	Ignored if the Messages value is Register or GetSettings
	Possible Values: Empty, Empty Guid, a valid Guid or ${ActiveMessageId}. 
Property:
	Name: Nx2meAppVersion
	Intended Use: The Nx2me App version used in the User-Agent Header. Must start with 2.3 if the Messages value is PatientDataUsageAllowed. Defaults to 2.3.19.0
	Possible Values: Any valid version string, i.e., 2.0, 2.3.20, etc.
Property:
	Name: PlatformVersion
	Intended Use: The Platform (iOS) version used in the User-Agent Header.
	Possible Values: Any valid version string, i.e., 6.1.4, 7.1.0, etc. Defaults to 8.0.2.
Property:
	Name: DataVersion
	Intended Use: The PDMP Data version used in the User-Agent Header. Must be at 5 if the Messages value is PatientDataUsageAllowed. Defaults to 5.
	Possible Values: Any valid positive integer.
Property:
	Name: AuthorizedUser
	Intended Use: The user name used in the Authorization. Defaults to the empty string meaning use internal defaults.
	Possible Values: Null, empty or a valid user name.
Property:
	Name: AuthorizedUserPassword
	Intended Use: The user password used in the Authorization. Defaults to the empty string meaning use internal defaults.
	Possible Values: Null, empty or a valid user password.
Property:
	Name: InduceBadDataIntegrityCheck
	Intended Use: Flag to cause the failure of the server side MD5 data integrity checks. Default is False.
	Possible Values: True or False.
Property:
	Name: ExpectedResult
	Intended Use: The expected success or failure of the task execution based on the task data. Default is True (success).
	Possible Values: True or False
Property:
	Name: ProfileRouterName
	Intended Use: The optional name of the router to retrieve the profile. Applies only when Messages is GetFileUrl.
	Possible Values: empty string or a router name. Defaults to Zoom.
Property:
	Name: AllowDataUsage
	Intended Use: Ignored if the Messages is not PatientDataUsageAllowed, else the value sent to the server. Default is False.
	Possible Values: True or False

-->
