﻿<?xml version="1.0" encoding="utf-8"?>
<PatientTwoWayMessaging xmlns:xsd="http://www.w3.org/2001/XMLSchema" xmlns:xsi="http://www.w3.org/2001/XMLSchema-instance">
	<CenterId>900908</CenterId>
	<PatientId>887870.8</PatientId>
	<TwoWayMessagingOperation>SendPatientCreatedMessage</TwoWayMessagingOperation>
	<SubjectId />
	<SubjectText>message 1</SubjectText>
	<MessageText>welcome to Nxstage</MessageText>
	<CreateTimeOffsetHours>0</CreateTimeOffsetHours>
	<ReadMessageIds>
		<string></string>
	</ReadMessageIds>
	<AutoAckCenterMessages>False</AutoAckCenterMessages>
	<InduceInvalidIdError>False</InduceInvalidIdError>
	<DataVersion>6</DataVersion>
	<AuthorizedUser></AuthorizedUser>
	<AuthorizedUserPassword />
	<InduceBadDataIntegrityCheck>False</InduceBadDataIntegrityCheck>
	<ExpectedResult>True</ExpectedResult>
</PatientTwoWayMessaging>
<!--
Task Name: PdmpTwoWayMessagingTask
Task Purpose: Encapsulate the necessary data for emulating Nx2me App Patient Data Message Protocol (PDMP) messages for 2-way messaging
Task Iterations: 1
Property:
	Name: CenterId
	Intended Use: The Center Id used in all messages.
	Possible Values: Any valid center Id.
Property:
	Name: PatientId
	Intended Use: The Patient ID used in all messages.
	Possible Values: Any valid Patient ID
Property:
	Name: TwoWayMessagingOperation
	Intended Use: The desired Nx2me App Two Way messaging operation to perform.
	Possible Values: One of the following values:
		SendPatientCreatedMessage - send a patient created message
		GetCenterMessages - retrieve and acknowledge center created messages
		SendCenterMessageReadAck - send patient read acknowledgments for center messages
		GetPatientMessageReadAck - retrieve center read acknowledgments for patient messages
		SyncSubjectMessages - retrieve messages for a given subject

Property:
	Name: SubjectId
	Intended Use: The Subject ID for a newly created Patient Message or Patient Reply message or subject to synchronize.
	Defaults to the Empty Guid meaning a new Patient message.
	Ignored if the TwoWayMessagingOperation value is not set to SendPatientCreatedMessage or SyncSubjectMessages.
	Possible Values: Empty, Empty Guid, a valid Guid. 
Property:
	Name: SubjectText
	Intended Use: The Subject Text for a Patient Message.
	Ignored if the TwoWayMessagingOperation value is not set to SendPatientCreatedMessage.
	Possible Values: A non-empty string up to 100 characters in length. 
Property:
	Name: MessageText
	Intended Use: The Message Text for a newly created Patient Message.
	Ignored if the TwoWayMessagingOperation value is not set to SendPatientCreatedMessage.
	Possible Values: a valid string up to 1000 characters in length. 
Property:
	Name: CreateTimeOffsetHours
	Intended Use: The number of hours to be subtracted from the current time and used as the Patient Message Create Time.
	Defaults to zero (0) meaning use the current time.
	Ignored if the TwoWayMessagingOperation value is not set to SendPatientCreatedMessage.
	Possible Values: a valid positive integer in the range [0..1000]. 
Property:
	Name: ReadMessageIds
	Intended Use: If TwoWayMessagingOperation is set to SendCenterMessageReadAck, this is
the list of Message IDs of Center Messages to be acknowledged as read.
You can use ${ActiveCenterMessageIdStringsList} which is set
by the last execution of GetCenterMessages.
Ignored for all other TwoWayMessagingOperation.
	Possible Values: Missing or empty list, a list of valid Message ID strings or the list containing the element &lt;string&gt;${ActiveCenterMessageIdStringsList}&lt;/string&gt; or &lt;string&gt;${ActivePatientMessageIdStringsList}&lt;/string&gt;.
Property:
	Name: AutoAckCenterMessages
	Intended Use: Flag to automatically send the center message receipt acknowledgment message.
	Ignored if the TwoWayMessagingOperation is not set to GetCenterMessages.
	Default is false.
	Possible Values: True or False
Property:
	Name: InduceInvalidIdError
	Intended Use: Flag to automatically corrupt the Subject or Message Ids in order to induce a 523 error (InvalidSubjectOrMessageId).
	Applicable to TwoWayMessagingOperation values of is set to SendPatientCreatedMessage, SendCenterMessageReadAck, SyncSubjectMessages or GetCenterMessages with the AutoAckCenterMessages flag set to False. Default is false.
	Possible Values: True or False
Property:
	Name: DataVersion
	Intended Use: The PDMP Data version used in the User-Agent Header. Fails task validation if less than 5. Fails server-side validation if less than 3 or greater than 6. Defaults to 6.
	Possible Values: Any valid positive integer.
Property:
	Name: AuthorizedUser
	Intended Use: The user name used in the Authorization. Defaults to the empty string meaning use internal defaults.
	Possible Values: Null, empty or a valid user name.
Property:
	Name: AuthorizedUserPassword
	Intended Use: The user password used in the Authorization. Defaults to the empty string meaning use internal defaults.
	Possible Values: Null, empty or a valid user password.
Property:
	Name: InduceBadDataIntegrityCheck
	Intended Use: Flag to cause the failure of the server side MD5 data integrity checks. Default is False.
	Possible Values: True or False.
Property:
	Name: ExpectedResult
	Intended Use: The expected success or failure of the task execution based on the task data. Default is True (success).
	Possible Values: True or False

-->
